"COWcode","Country_Code","Country_Name","WB_Region","WB_IncomeGroup","Population_total","Urban_pop","GDP_pc_PPP","Infant_Mortality_Rate","Life_exp_female","Life_exp_male","HIV","Literacy_rate_female","Literacy_rate_all","Current_acc_bal_USD","Current_acc_bal_perc_of_GDP","ODA_USD","ODA_perc_of_GNI","Natural_resources_rents_perc_of_GDP","FDI_net_inflows_perc_of_GDP","Net_migration_2008_2012","GINI_index_WB_estimate","Inc_share_by_highest_10per","Unemployment_rate","Surface_area_sq_km","v2x_polyarchy","democracy","v2x_libdem","v2x_egaldem","Geographical_Region","UN_vote_PctAgreeUS","UN_vote_PctAgreeRUSSIA","UN_vote_PctAgreeBrazil","UN_vote_PctAgreeChina","UN_vote_PctAgreeIndia","UN_vote_PctAgreeIsrael","milex","milper","cinc","CivilConflict","Corruptions_Perspectives_Index","Turnout"
700,"AFG","Afghanista","South Asia","Low income",28803167,23.74,1659.51,65.6,62.48,60.05,,,,-1504735163,-9.49,6470360000,40.73,0.73,1.2,448007,,,7.82,652860,0.37,0,0.24,0.21,"Asia",0.16,0.75,0.92,0.94,0.8,0.14,277000,94,0,"Civil War",16,0.45
540,"AGO","Angola","Sub-Saharan Africa","Upper middle income",23369131,59.78,6228.34,76.4,60.91,55.51,1.8,,,7505954235,8.96,235170000,0.31,39.04,-3.85,87322,,,9.86,1246700,0.32,0,0.16,0.11,"Africa",0.13,0.73,0.93,0.9,0.8,0.15,3719000,107,0,"Minor Conflict",19,0.76
339,"ALB","Albania","Europe & Central Asia","Upper middle income",2913021,52.16,9627.94,10.7,79.21,74.4,0.1,,,-1355917493,-11.37,365070000,3.09,2.07,9.14,-93425,,,14.2,28750,0.58,0,0.48,0.42,"Europe",0.36,0.66,0.6,0.53,0.46,0.36,126000,14,0,"None",36,0.47
160,"ARG","Argentina","Latin America & Caribbean","Upper middle income",41223889,90.85,18333.54,13,79.44,71.73,0.4,98.93,98.95,-1622995871,-0.38,128530000,0.03,3.14,2.68,30000,43,31,7.71,2780400,0.78,1,0.6,0.62,"Americas",0.21,0.75,0.87,0.82,0.72,0.23,2999000,73,0.01,"None",40,0.77
371,"ARM","Armenia","Europe & Central Asia","Lower middle income",2877311,63.44,6567.26,16.1,76.42,69.96,0.2,,,-1261431338,-13.62,342580000,3.53,2.99,5.72,-30535,30,25,19.01,29740,0.34,0,0.2,0.28,"Asia",0.16,0.79,0.79,0.76,0.68,0.18,422000,47,0,"None",35,0.49
900,"AUS","Australia","East Asia & Pacific","High income",22031750,85.18,39274.76,4,84,79.5,0.1,,,-44714246092,-3.91,,,9.62,3.08,913107,34.7,26.4,5.21,7741220,0.92,1,0.88,0.82,"Ocenia",0.47,0.49,0.54,0.48,0.43,0.45,23634000,55,0.01,"None",77,0.91
305,"AUT","Austria","Europe & Central Asia","High income",8363404,57.4,42047.03,3.6,83.5,77.8,0.1,,,11478452913,2.93,,,0.22,-5.62,267172,30.3,23.5,4.82,83879,0.86,1,0.79,0.78,"Europe",0.35,0.66,0.66,0.59,0.54,0.32,2687000,27,0,"None",76,0.8
373,"AZE","Azerbaijan","Europe & Central Asia","Upper middle income",9054332,53.41,15627.61,32.6,74.13,67.86,0.1,99.69,99.77,15040436000,28.43,161560000,0.32,30.56,6.34,0,,,5.63,86600,0.21,0,0.07,0.14,"Asia",0.11,0.78,0.86,0.86,0.77,0.11,1502000,67,0,"Minor Conflict",25,0.56
516,"BDI","Burundi","Sub-Saharan Africa","Low income",8766930,10.64,711.4,59.2,56.69,53.08,1.5,,,-300982004.2,-14.81,627610000,31.05,24.13,0.04,-70000,,,1.57,27830,0.35,0,0.18,0.25,"Africa",0.18,0.76,0.94,0.76,0.82,0.35,56000,20,0,"Minor Conflict",17,0.74
211,"BEL","Belgium","Europe & Central Asia","High income",10895586,97.65,40091.01,3.7,83,77.5,,,,7977325573,1.65,,,0.02,23.06,258672,28.4,22.7,8.29,30530,0.88,1,0.82,0.82,"Europe",0.39,0.61,0.6,0.53,0.46,0.38,5234000,38,0,"None",75,0.89
434,"BEN","Benin","Sub-Saharan Africa","Low income",9199259,43.09,1781.99,72.1,60.72,57.87,1.1,,,-530337545.6,-7.61,689270000,9.97,4.69,0.77,-42268,,,1.04,114760,0.7,1,0.57,0.58,"Africa",0.16,0.75,0.89,0.85,0.73,0.19,75000,5,0,"None",40,0.66
439,"BFA","Burkina Fa","Sub-Saharan Africa","Low income",15605217,24.63,1394.58,66,57.62,56.44,1,,,-181447949.5,-2.02,1044620000,11.95,14.94,0.43,-125000,,,4.65,274220,0.57,0,0.38,0.44,"Africa",0.15,0.75,0.94,0.9,0.81,0.18,124000,11,0,"None",41,0.6
771,"BGD","Bangladesh","South Asia","Lower middle income",152149102,30.46,2393.32,38.9,71.52,69.02,0.1,,,2108502537,1.83,1404600000,1.13,1.31,1.07,-2526483,32.1,26.9,3.38,148460,0.51,0,0.25,0.26,"Asia",0.15,0.75,0.91,0.94,0.82,0.15,1237000,157,0.01,"Minor Conflict",26,0.8
355,"BGR","Bulgaria","Europe & Central Asia","Upper middle income",7395599,72.3,14934.02,9,77.2,70,0.1,,,-964620000,-1.91,,,2.52,3.64,-24472,35.7,26.9,10.28,111000,0.69,1,0.6,0.56,"Europe",0.38,0.64,0.59,0.54,0.45,0.37,832000,35,0,"None",42,0.54
346,"BIH","Bosnia and","Europe & Central Asia","Upper middle income",3722084,45.56,9305.8,6.2,78.43,73.28,,,,-1030658645,-6,511180000,2.93,2.65,2.58,-161371,,,27.2,51210,0.35,0,0.28,0.29,"Europe",0.32,0.67,0.7,0.62,0.56,0.32,220000,11,0,"None",38,0.54
370,"BLR","Belarus","Europe & Central Asia","Upper middle income",9490583,74.67,15931.66,4.2,76.5,64.6,0.2,,,-8280100000,-14.11,136260000,0.24,1.36,2.38,75799,28.6,22.9,1.15,207600,0.23,0,0.09,0.27,"Europe",0.11,0.8,0.86,0.89,0.77,0.11,725000,73,0,"None",44,0.75
145,"BOL","Bolivia","Latin America & Caribbean","Lower middle income",9918242,66.43,5298.08,36.1,68.83,64.1,0.3,,,873745670.1,4.45,717690000,3.82,8.98,3.17,-61794,,,2.54,1098580,0.67,1,0.44,0.45,"Americas",0.11,0.73,0.92,0.92,0.83,0.15,316000,46,0,"None",29,0.87
140,"BRA","Brazil","Latin America & Caribbean","Upper middle income",196796269,84.33,14243.49,16.7,77.59,70.13,0.5,90.68,90.38,-75759659450,-3.43,448670000,0.02,4.45,4,15924,,,7.26,8515770,0.89,1,0.79,0.66,"Americas",0.12,0.7,1,0.89,0.85,0.18,33685000,328,0.03,"None",35,0.8
53,"BRB","Barbados","Latin America & Caribbean","High income",279569,31.87,16092.67,13.4,77.29,72.52,1.3,,,-218412771.3,-4.82,16200000,0.37,0.36,14.76,2180,,,10.69,430,0.73,1,0.65,0.62,"Americas",0.14,0.69,0.94,0.89,0.85,0.14,30000,1,0,"None",68,0.6
760,"BTN","Bhutan","South Asia","Lower middle income",727641,34.79,6289.81,34.2,67.93,67.63,,,,-323097108.1,-20.38,131380000,8.77,5.16,4.75,10000,,,3.32,38394,0.57,0,0.47,0.43,"Asia",0.11,0.7,0.95,0.83,0.82,0.15,,,0,"None",68,0.71
571,"BWA","Botswana","Sub-Saharan Africa","Upper middle income",2014866,62.41,12788.77,38.5,62.51,57.18,23.2,,,-533036739.1,-4.17,154670000,1.26,4.94,1.71,15000,,,17.86,581730,0.7,1,0.61,0.53,"Africa",0.17,0.73,0.92,0.89,0.8,0.16,620000,9,0,"None",61,0.85
482,"CAF","Central Af","Sub-Saharan Africa","Low income",4448525,38.9,863.32,101.9,49.06,46.08,4.9,24.36,36.75,,,260980000,13.08,8.57,3.1,-396129,,,6.27,622980,0.34,0,0.19,0.23,"Africa",0.15,0.75,0.94,0.88,0.77,0.15,51000,3,0,"Minor Conflict",26,0.44
20,"CAN","Canada","North America","High income",34005274,80.94,40027.24,4.9,83.4,79.1,,,,-58160275067,-3.6,,,2.8,1.84,1145721,33.6,25.7,8.06,9984670,0.87,1,0.81,0.76,"Americas",0.52,0.45,0.46,0.41,0.36,0.5,20240000,66,0.01,"None",81,0.68
225,"CHE","Switzerlan","Europe & Central Asia","High income",7824909,73.61,53119.39,3.9,84.5,80.1,,,,85821578273,14.7,,,0.02,3.03,397267,32.6,25.4,4.81,41290,0.9,1,0.86,0.85,"Europe",0.35,0.64,0.67,0.61,0.54,0.35,4111000,22,0,"None",85,0.49
155,"CHL","Chile","Latin America & Caribbean","High income",16993354,87.07,18265.34,7.5,81.04,75.71,0.4,,,3068788709,1.4,188540000,0.09,18.1,7.33,80820,,,8.42,756096.02,0.88,1,0.83,0.65,"Americas",0.17,0.69,0.93,0.85,0.78,0.2,3509000,61,0,"None",67,0.47
710,"CHN","China","East Asia & Pacific","Upper middle income",1337705000,49.23,9333.12,13.6,76.84,73.77,,92.71,95.12,2.38e+11,3.9,671890000,0.01,6.25,3.99,-1698448,,,4.2,9562911.25,0.1,0,0.06,0.15,"Asia",0.12,0.76,0.89,1,0.82,0.15,76361000,2285,0.21,"Minor Conflict",39,
437,"CIV","Cote d'Ivo","Sub-Saharan Africa","Lower middle income",20401331,47.33,2635.84,76.8,51.55,49.4,3.6,,,464532501.1,1.87,845310000,3.53,6.44,1.44,60000,,,3.08,322460,0.49,0,0.33,0.32,"Africa",0.15,0.58,0.81,0.77,0.69,0.11,337000,17,0,"None",35,0.34
471,"CMR","Cameroon","Sub-Saharan Africa","Lower middle income",19970495,51.56,2870.56,69.1,56.57,54.29,4.6,64.8,71.29,-856304616.5,-3.28,540230000,2.09,7.52,2.05,-36000,,,4.11,475440,0.36,0,0.18,0.25,"Africa",0.14,0.5,0.67,0.59,0.59,0.13,339000,14,0,"None",25,0.77
490,"COD","Congo, Dem","Sub-Saharan Africa","Low income",64523263,40.01,646.86,84.8,58.33,55.48,1.2,,,-2173500000,-10.08,3483650000,16.87,33.42,12.72,15060,,,3.7,2344860,0.38,0,0.18,0.16,"Africa",0.22,0.6,0.85,0.77,0.68,0.18,193000,151,0,"Minor Conflict",20,0.45
484,"COG","Congo, Rep","Sub-Saharan Africa","Lower middle income",4386693,63.26,5081.43,43.6,61.9,59.08,3.2,,,900330482.9,7.5,1315090000,14.57,49.14,12.66,-60001,,,14.55,342000,0.31,0,0.1,0.14,"Africa",0.18,0.74,0.93,0.86,0.79,0.18,214000,10,0,"None",19,0.42
100,"COL","Colombia","Latin America & Caribbean","Upper middle income",45918097,77.96,10572.72,15.9,77.03,69.72,0.5,93.49,93.37,-8732161801,-3.05,673830000,0.25,6.27,2.25,-144998,54.8,43.5,10.88,1141750,0.6,0,0.47,0.36,"Americas",0.11,0.72,0.88,0.79,0.76,0.14,10353000,285,0.01,"Minor Conflict",36,0.49
581,"COM","Comoros","Sub-Saharan Africa","Low income",689692,27.97,2377.1,62.6,63.5,60.27,0.1,,,-39297299.3,-4.33,69910000,7.71,2.73,0.92,-10000,,,4.44,1861,0.5,0,0.3,0.34,"Africa",0.13,0.75,0.9,0.92,0.79,0.13,,,0,"None",27,0.71
94,"CRI","Costa Rica","Latin America & Caribbean","Upper middle income",4545280,71.74,12737.02,8.7,81.25,76.34,0.3,,,-1213874254,-3.26,95070000,0.26,1.65,5.12,19658,48.2,37.1,8.92,51100,0.92,1,0.87,0.82,"Americas",0.17,0.73,0.94,0.85,0.79,0.17,213000,0,0,"None",56,0.66
40,"CUB","Cuba","Latin America & Caribbean","Upper middle income",11333051,76.6,,4.6,81.07,76.9,0.3,,,,,132450000,0.21,2.95,,-73271,,,2.5,109880,0.19,0,0.06,0.24,"Americas",0.09,0.76,0.89,0.92,0.85,0.12,,49,0,"None",47,0.86
352,"CYP","Cyprus","Europe & Central Asia","High income",1112607,67.55,33263.02,3,81.63,77.24,0.1,,,-2905949258,-11.37,,,0.06,53.19,22509,31.5,25.7,6.26,9250,0.84,1,0.73,0.73,"Europe",0.35,0.63,0.7,0.64,0.57,0.35,498000,10,0,"None",59,0.67
316,"CZE","Czech Repu","Europe & Central Asia","High income",10474410,73.25,27694.4,2.7,80.6,74.4,0.1,,,-7351204484,-3.54,,,0.9,4.9,59997,26.6,22.4,7.28,78870,0.89,1,0.82,0.81,"Europe",0.39,0.66,0.58,0.53,0.45,0.39,2659000,18,0,"None",59,0.61
255,"DEU","Germany","Europe & Central Asia","High income",81776930,76.97,39225.6,3.5,82.6,77.5,0.1,,,1.93e+11,5.65,,,0.16,2.52,1777126,30.2,24,6.97,357126.99,0.9,1,0.87,0.85,"Europe",0.39,0.63,0.61,0.55,0.48,0.38,45875000,251,0.02,"None",80,0.76
522,"DJI","Djibouti","Middle East & North Africa","Lower middle income",851146,77,,62.6,61.93,58.88,1.7,,,50489250,4.47,132030000,,0.84,3.23,6002,,,6.2,23200,0.27,0,0.14,0.18,"Africa",0.15,0.72,0.93,0.89,0.79,0.15,10000,10,0,"None",31,0.62
390,"DNK","Denmark","Europe & Central Asia","High income",5547683,86.8,43041.54,3.5,81.2,77.1,0.2,,,21051011384,6.54,,,1.31,-3.65,106841,27.2,22.5,7.46,43090,0.9,1,0.87,0.86,"Europe",0.39,0.64,0.6,0.55,0.46,0.38,4505000,27,0,"None",88,0.86
42,"DOM","Dominican","Latin America & Caribbean","Upper middle income",9897985,73.75,10907.36,28.3,75.96,69.68,1.3,89.7,89.54,-4023500000,-7.45,176580000,0.34,0.19,3.37,-153010,46.9,36.2,5.02,48670,0.68,1,0.44,0.43,"Americas",0.14,0.74,0.94,0.89,0.82,0.17,231000,50,0,"None",30,0.68
615,"DZA","Algeria","Middle East & North Africa","Upper middle income",36117637,67.54,12610.25,23.5,75.92,73.48,0.1,,,12220267767,7.58,201250000,0.13,19.98,1.43,-143268,,,9.96,2381740,0.36,0,0.16,0.27,"Mid. East & North Africa",0.11,0.76,0.92,0.94,0.82,0.12,5591000,147,0,"Minor Conflict",35,0.37
130,"ECU","Ecuador","Latin America & Caribbean","Upper middle income",14934690,62.69,9163.16,15.7,77.94,72.27,0.3,90.47,91.85,-1564739578,-2.25,150950000,0.22,10.87,0.24,-38001,48.7,37.5,4.09,256370,0.62,1,0.34,0.45,"Americas",0.12,0.73,0.96,0.89,0.84,0.15,1511000,58,0,"None",34,0.82
651,"EGY","Egypt, Ara","Middle East & North Africa","Lower middle income",84107606,43.02,9659.49,24.3,72.61,68.18,0.1,63.52,72.05,-4503800000,-2.06,599160000,0.28,8.69,2.92,-275026,31.5,27.3,11.85,1001450,0.22,0,0.15,0.08,"Mid. East & North Africa",0.15,0.76,0.88,0.95,0.84,0.15,4129000,469,0.01,"None",35,0.28
531,"ERI","Eritrea","Sub-Saharan Africa","Low income",4390840,35.17,1387.71,39.2,64.26,60.19,0.8,,,,,162310000,7.74,1.93,4.3,-159999,,,6.78,117600,0.07,0,0.01,0.13,"Africa",0.14,0.74,0.94,0.91,0.8,0.14,,202,0,"None",24,
230,"ESP","Spain","Europe & Central Asia","High income",46576897,78.44,31954.24,3.1,84.7,78.7,0.4,97,97.75,-56363076023,-3.94,,,0.07,2.87,-570000,35.2,26,19.86,505600,0.9,1,0.83,0.83,"Europe",0.36,0.67,0.62,0.57,0.48,0.35,14746000,128,0.01,"None",58,0.7
366,"EST","Estonia","Europe & Central Asia","High income",1331475,68.09,21602.74,3.6,80.5,70.6,0.6,,,343667445.9,1.76,,,1.08,13.3,-10516,32,24.3,16.71,45230,0.89,1,0.84,0.79,"Europe",0.39,0.66,0.58,0.53,0.45,0.39,330000,5,0,"None",73,0.64
530,"ETH","Ethiopia","Sub-Saharan Africa","Low income",87702670,17.32,1052.1,55.3,63.31,59.98,1.4,,,-425429562,-1.42,3455160000,11.58,16.15,0.96,-60001,33.2,27.4,5.2,1104300,0.24,0,0.12,0.15,"Africa",0.13,0.73,0.9,0.89,0.84,0.11,308000,138,0,"Minor Conflict",34,0.93
375,"FIN","Finland","Europe & Central Asia","High income",5363352,83.77,38775.17,2.5,83.2,76.7,,,,2792204908,1.13,,,0.63,4.93,81416,27.7,22.5,8.39,338420,0.88,1,0.85,0.84,"Europe",0.36,0.63,0.63,0.56,0.49,0.35,3589000,23,0,"None",85,0.67
950,"FJI","Fiji","East Asia & Pacific","Upper middle income",859950,52.17,7203.37,20.3,72.42,66.5,,,,-149456355.2,-4.76,75840000,2.49,2.94,11.34,-28720,,,8.91,18270,0.15,0,0.15,0.16,"Ocenia",0.17,0.67,0.86,0.78,0.72,0.14,64000,4,0,"None",,
220,"FRA","France","Europe & Central Asia","High income",65027507,78.37,35935.03,3.5,85.3,78.2,0.4,,,-22034288150,-0.83,,,0.06,1.47,361722,33.7,27.1,8.87,549086.99,0.92,1,0.86,0.86,"Europe",0.47,0.54,0.49,0.44,0.4,0.39,51978000,353,0.02,"None",72,0.43
481,"GAB","Gabon","Sub-Saharan Africa","Upper middle income",1640210,85.53,15045.16,42.9,63.78,61.98,4.2,,,2453186896,17.09,106270000,0.85,33.04,3.63,85442,,,20.39,267670,0.37,0,0.21,0.28,"Africa",0.13,0.73,0.97,0.89,0.81,0.16,246000,5,0,"None",31,0.59
200,"GBR","United Kin","Europe & Central Asia","High income",62766365,81.3,35875.46,4.4,82.4,78.5,,,,-83113067068,-3.4,,,0.88,2.73,990000,34.4,26.7,7.79,243610,0.93,1,0.88,0.81,"Europe",0.55,0.52,0.48,0.42,0.37,0.47,57796000,175,0.02,"None",80,0.69
372,"GEO","Georgia","Europe & Central Asia","Upper middle income",3926000,55.53,6597.57,14.8,76.72,68.48,0.2,,,-1198803819,-10.3,627140000,5.56,1.85,7.74,-305269,40.1,30,16.3,69700,0.53,0,0.37,0.42,"Asia",0.34,0.7,0.59,0.56,0.45,0.33,484000,21,0,"Minor Conflict",58,0.52
452,"GHA","Ghana","Sub-Saharan Africa","Lower middle income",24512104,50.71,2997.5,48.9,61.81,60.02,2,65.29,71.5,-2747340000,-8.54,1697220000,5.36,12.45,7.86,-49999,,,5.32,238540,0.76,1,0.66,0.57,"Africa",0.14,0.72,0.95,0.89,0.81,0.14,124000,16,0,"None",41,0.68
438,"GIN","Guinea","Sub-Saharan Africa","Low income",10794170,33.68,1541.71,69.5,57.51,56.01,1.6,12.19,25.31,-326890000,-4.77,220970000,3.45,17.47,1.48,-250000,,,4.55,245860,0.34,0,0.18,0.21,"Africa",0.13,0.75,0.91,0.94,0.78,0.14,,12,0,"None",28,0.64
420,"GMB","Gambia, Th","Sub-Saharan Africa","Low income",1692149,55.66,1610.98,48.7,60.96,58.4,2.1,,,17499603.55,1.84,121100000,13.14,4.92,3.9,-13476,43.6,34.9,9.41,11300,0.33,0,0.16,0.23,"Africa",0.14,0.75,0.92,0.9,0.79,0.18,,1,0,"None",37,0.42
404,"GNB","Guinea-Bis","Sub-Saharan Africa","Low income",1555880,40.11,1372.04,72.3,56.62,53.46,4,,,-70790428.79,-8.34,1.29e+08,15.26,14.92,3.09,-10003,50.7,42,6.33,36130,0.49,0,0.29,0.24,"Africa",0.16,0.73,0.94,0.89,0.78,0.16,25000,6,0,"None",16,0.89
411,"GNQ","Equatorial","Sub-Saharan Africa","Upper middle income",951104,65.94,33041.19,80.5,57.33,54.66,5.8,,,,,85070000,0.89,34.71,16.77,90001,,,5.58,28050,0.22,0,0.08,0.15,"Africa",0.67,1,1,1,1,0.67,,1,0,"None",16,0.84
350,"GRC","Greece","Europe & Central Asia","High income",11121341,76.29,28175.86,3.2,83,77.9,0.1,,,-30275130993,-10.11,,,0.32,0.18,-161799,34.1,25.6,12.71,131960,0.89,1,0.8,0.79,"Europe",0.14,0.69,0.92,0.87,0.84,0.11,7956000,157,0,"None",45,0.64
90,"GTM","Guatemala","Latin America & Caribbean","Lower middle income",14630417,48.4,6578.23,29.1,74.67,68.25,0.5,,,-563258368.1,-1.36,389230000,0.97,2.57,2.05,-50131,,,3.74,108890,0.57,0,0.37,0.24,"Americas",0.14,0.76,0.94,0.83,0.79,0.17,156000,15,0,"None",27,0.71
110,"GUY","Guyana","Latin America & Caribbean","Upper middle income",746556,26.63,5729.56,30.7,68.44,63.72,1.6,,,-246354258.1,-10.84,167440000,7.41,23.21,8.71,-27278,,,10.92,214970,0.6,0,0.36,0.39,"Americas",0.12,0.71,0.94,0.91,0.85,0.12,31000,1,0,"None",37,0.72
91,"HND","Honduras","Latin America & Caribbean","Lower middle income",8194778,51.88,3890.85,20.1,74.93,69.98,0.5,84.73,84.76,-681533548.9,-4.3,634250000,4.2,2.72,3.83,-15001,53.1,40.2,4.12,112490,0.46,0,0.23,0.2,"Americas",0.17,0.75,0.93,0.83,0.78,0.17,135000,12,0,"None",29,0.59
344,"HRV","Croatia","Europe & Central Asia","High income",4417781,55.16,19232.67,4.7,79.6,73.5,,,,-894404541.5,-1.49,131550000,0.23,0.69,2.38,-32772,32.4,23.9,11.62,56590,0.85,1,0.73,0.72,"Europe",0.35,0.65,0.59,0.54,0.45,0.35,1027000,19,0,"None",48,0.53
41,"HTI","Haiti","Latin America & Caribbean","Low income",9999617,47.51,1471.65,87,63.39,59.22,2,,,-101824279.2,-1.54,3073470000,46.25,1.19,2.69,-150000,,,15.95,27750,0.43,0,0.28,0.19,"Americas",0.11,0.73,0.95,0.89,0.83,0.14,,0,0,"None",20,0.18
310,"HUN","Hungary","Europe & Central Asia","High income",10000023,68.91,21555.86,5.1,78.1,70.5,0.1,,,346345716.7,0.26,,,0.45,-15.99,29999,29.4,23.1,11.17,93030,0.76,1,0.64,0.63,"Europe",0.39,0.67,0.6,0.55,0.46,0.39,1348000,29,0,"None",46,0.7
850,"IDN","Indonesia","East Asia & Pacific","Lower middle income",242524123,49.91,8262.9,27.5,70.28,66.12,0.4,,,5144284990,0.68,1389890000,0.19,6.77,2.03,-835000,,0,5.61,1910930,0.66,1,0.49,0.45,"Asia",0.14,0.73,0.9,0.95,0.84,0.14,7182000,302,0.01,"None",38,0.75
750,"IND","India","South Asia","Lower middle income",1230980691,30.93,4315.6,45.3,67.84,65.5,0.3,,,-54515877624,-3.29,2831340000,0.17,4.67,1.65,-2578213,,,3.54,3287260,0.68,1,0.54,0.44,"Asia",0.11,0.64,0.85,0.82,1,0.15,30865000,1325,0.08,"Minor Conflict",41,0.66
205,"IRL","Ireland","Europe & Central Asia","High income",4560155,61.54,43298.69,3.5,83.1,78.5,0.2,,,2318686917,1.04,,,0.13,17.01,-139996,32.3,24.9,13.85,70280,0.89,1,0.81,0.8,"Europe",0.35,0.65,0.65,0.58,0.53,0.32,1278000,10,0,"None",73,0.65
630,"IRN","Iran, Isla","Middle East & North Africa","Upper middle income",74567511,70.63,17579.87,16.8,75.48,72.5,0.1,,,,,112440000,0.02,21.7,0.75,-400001,,,13.52,1745150,0.17,0,0.13,0.17,"Mid. East & North Africa",0.08,0.73,0.87,0.94,0.83,0.11,10564000,523,0.01,"Minor Conflict",28,0.6
645,"IRQ","Iraq","Middle East & North Africa","Upper middle income",30762701,69.1,12460.34,30.2,71.25,65.85,,,,6488300000,4.68,2178330000,1.55,41.48,1.01,463665,,,8.34,435240,0.47,0,0.31,0.3,"Mid. East & North Africa",0.16,0.75,0.94,0.94,0.81,0.15,4848000,578,0.01,"Civil War",18,0.45
395,"ISL","Iceland","Europe & Central Asia","High income",318041,93.57,38535.33,2,84.1,79.8,,,,-881086127.4,-6.62,,,0,1.93,-2163,26.2,22,7.56,103000,0.87,1,0.79,0.81,"Europe",0.36,0.63,0.63,0.56,0.49,0.35,,0,0,"None",76,0.79
666,"ISR","Israel","Middle East & North Africa","High income",7623600,91.83,28828.32,3.7,83.6,79.7,,,,8689700000,3.72,,,0.14,2.99,19497,42.6,31.1,8.48,22070,0.76,1,0.61,0.59,"Mid. East & North Africa",0.83,0.21,0.18,0.15,0.15,1,14043000,177,0,"Minor Conflict",61,0.72
325,"ITA","Italy","Europe & Central Asia","High income",59277417,68.33,35042.2,3.4,84.7,79.5,0.3,,,-73017560977,-3.44,,,0.1,0.47,264145,34.7,26.1,8.36,301340,0.85,1,0.76,0.75,"Europe",0.37,0.65,0.62,0.55,0.51,0.35,21908000,293,0.01,"None",52,0.73
51,"JAM","Jamaica","Latin America & Caribbean","Upper middle income",2817210,53.74,7837.38,16,77.39,72.43,2,,,-934005337.2,-7.08,139380000,1.1,1.17,1.41,-93096,,,12.37,10990,0.82,1,0.68,0.61,"Americas",0.14,0.69,0.97,0.89,0.85,0.14,102000,3,0,"None",44,0.48
663,"JOR","Jordan","Middle East & North Africa","Upper middle income",7182390,86.09,9281.15,18,75.08,71.87,,89.21,92.55,-1881948409,-7.12,954750000,3.64,1.67,6.39,975285,33.7,27.5,12.5,89320,0.25,0,0.21,0.18,"Mid. East & North Africa",0.15,0.73,0.94,0.91,0.8,0.17,1425000,101,0,"None",49,0.36
740,"JPN","Japan","East Asia & Pacific","High income",128070000,90.81,35000.32,2.4,86.3,79.55,0.1,,,2.21e+11,3.88,,,0.02,0.13,358133,,,5.07,377950,0.86,1,0.8,0.78,"Asia",0.33,0.64,0.66,0.62,0.57,0.27,54357000,230,0.04,"None",73,0.53
705,"KAZ","Kazakhstan","Europe & Central Asia","Upper middle income",16321872,56.83,19690.03,18.2,73.32,63.51,0.1,99.74,99.78,1385714548,0.94,211800000,0.16,23.01,5.04,159807,28,23.1,5.77,2724901.88,0.25,0,0.13,0.2,"Asia",0.16,0.78,0.91,0.88,0.75,0.19,1481000,49,0,"None",31,0.77
501,"KEN","Kenya","Sub-Saharan Africa","Lower middle income",41350152,23.57,2425.84,39.9,64.9,60.97,5.6,,,-2368671950,-5.92,1631260000,4.09,3.1,0.45,-50000,,,12.09,580370,0.45,0,0.37,0.27,"Africa",0.11,0.7,0.95,0.87,0.84,0.13,689000,24,0,"None",27,0.77
703,"KGZ","Kyrgyz Rep","Europe & Central Asia","Lower middle income",5447900,35.31,2733.73,26.1,73.5,65.3,0.1,,,-474562170.6,-9.9,383920000,8.55,11.29,9.86,-137902,30.1,24.6,8.64,199949,0.38,0,0.23,0.28,"Asia",0.16,0.79,0.88,0.88,0.7,0.2,19000,11,0,"None",29,0.57
811,"KHM","Cambodia","East Asia & Pacific","Lower middle income",14308740,20.29,2471.89,37.8,68.64,64.31,0.8,,,-980977704.3,-8.73,733980000,6.84,2.7,12.49,-149999,,,0.35,181040,0.34,0,0.14,0.15,"Asia",0.11,0.75,0.94,0.9,0.81,0.13,271000,124,0,"None",20,0.83
732,"KOR","Korea, Rep","East Asia & Pacific","High income",49554112,81.94,30376.87,3.5,83.6,76.8,,,,28850400000,2.64,,,0.03,0.87,169634,32,24.2,3.72,100030,0.79,1,0.7,0.66,"Asia",0.29,0.74,0.62,0.58,0.54,0.31,25069000,687,0.02,"None",57,0.58
690,"KWT","Kuwait","Middle East & North Africa","High income",2998083,100,73682.87,9.2,75.08,73.23,0.1,92.68,94.47,36989237366,32.05,,,48.3,1.13,670000,,,1.82,17820,0.31,0,0.28,0.25,"Mid. East & North Africa",0.15,0.75,0.91,0.94,0.82,0.15,4654000,16,0,"None",41,0.7
812,"LAO","Lao PDR","East Asia & Pacific","Lower middle income",6246274,30.06,4133.44,59.5,65.74,62.94,0.3,,,29309198.01,0.41,413420000,6.19,17.58,3.91,-177488,,,0.71,236800,0.1,0,0.09,0.12,"Asia",0.09,0.74,0.92,0.89,0.85,0.09,,29,0,"None",29,0.98
660,"LBN","Lebanon","Middle East & North Africa","Upper middle income",4337141,87.33,16118.96,8.8,80.42,76.75,0.1,,,-7552051024,-19.66,445090000,1.17,0,11.14,1250000,,,6.38,10450,0.56,0,0.31,0.36,"Mid. East & North Africa",0.12,0.74,0.91,0.95,0.82,0.14,1620000,59,0,"None",28,0.5
450,"LBR","Liberia","Sub-Saharan Africa","Low income",3948125,47.81,1063.69,70.4,60.51,58.75,2,,,-853418361.4,-42.71,1416110000,77.87,29.15,103.34,-20000,,,2.27,111370,0.71,1,0.53,0.45,"Africa",0.16,0.69,0.91,0.86,0.77,0.16,8000,2,0,"None",32,0.72
620,"LBY","Libya","Middle East & North Africa","Upper middle income",6169140,78.05,29030.84,14.2,74.47,69.14,,,,16800700000,22.47,7610000,0.01,53.66,2.39,-433403,,,18.62,1759540,0.08,0,0.05,0.15,"Mid. East & North Africa",0.15,0.77,0.89,0.93,0.8,0.13,2540000,76,0,"None",17,0.42
780,"LKA","Sri Lanka","South Asia","Lower middle income",20198353,18.23,8357.03,10,77.86,70.93,0.1,89.96,91.18,-1075030000,-1.9,579620000,1.03,0.18,0.84,-484772,,,4.94,65610,0.48,0,0.29,0.35,"Asia",0.12,0.77,0.91,0.91,0.78,0.14,1408000,161,0,"Civil War",38,0.78
570,"LSO","Lesotho","Sub-Saharan Africa","Lower middle income",2040551,24.8,2317.77,74.5,52.56,48.85,22.2,,,-158319246.9,-6.7,256050000,8.54,3.69,0.4,-25000,54.2,40.9,25.86,30360,0.64,1,0.48,0.52,"Africa",0.13,0.72,0.94,0.89,0.83,0.13,56000,2,0,"None",41,0.46
368,"LTU","Lithuania","Europe & Central Asia","High income",3097282,66.76,20090.73,4.9,78.8,68,0.1,,,-487571167.9,-1.31,,,0.53,2.33,-146217,33.6,24.8,17.81,65300,0.86,1,0.81,0.78,"Europe",0.39,0.66,0.58,0.53,0.45,0.39,458000,9,0,"None",59,0.51
367,"LVA","Latvia","Europe & Central Asia","High income",2097555,67.84,17558.57,6.6,78.4,68.8,,,,494442107.7,2.08,,,1.23,1.83,-83325,35,26.2,19.48,64510,0.85,1,0.77,0.74,"Europe",0.39,0.65,0.57,0.52,0.43,0.39,257000,6,0,"None",58,0.55
600,"MAR","Morocco","Middle East & North Africa","Lower middle income",32409639,58.02,6312.92,27.5,75.3,72.64,0.1,,,-3925169125,-4.21,985500000,1.07,2.71,1.33,-307108,,,9.06,446550,0.3,0,0.24,0.2,"Mid. East & North Africa",0.15,0.73,0.94,0.91,0.81,0.17,3117000,196,0,"None",43,0.43
359,"MDA","Moldova","Europe & Central Asia","Lower middle income",3562045,42.62,3831.75,14.8,73.64,65.58,0.4,,,-481468750.4,-8.28,473010000,7.51,0.17,4.92,-9529,32.1,25.4,7.45,33850,0.68,1,0.55,0.49,"Europe",0.36,0.67,0.61,0.56,0.48,0.35,18000,6,0,"None",33,0.49
580,"MDG","Madagascar","Sub-Saharan Africa","Low income",21151640,31.94,1357.65,42.9,64.86,61.93,0.2,,,-909105720.1,-10.41,477310000,5.53,6.85,10.45,-7500,42.4,34.3,3.84,587040,0.22,0,0.13,0.12,"Africa",0.16,0.75,0.95,0.9,0.83,0.19,56000,14,0,"None",25,0.51
781,"MDV","Maldives","South Asia","Upper middle income",364511,36.43,11762.65,11.2,77.23,75.13,,,,-196081418.9,-7.58,111660000,4.9,0.01,8.36,21916,,,4.58,300,0.59,0,0.39,0.43,"Asia",0.17,0.73,0.94,0.88,0.79,0.17,,0,0,"None",31,0.78
70,"MEX","Mexico","Latin America & Caribbean","Upper middle income",117318941,77.81,14858.54,14.9,78.52,73.67,0.2,91.85,93.07,-5240524836,-0.5,462280000,0.04,4.86,1.98,-3e+05,45.3,35.8,5.33,1964380,0.68,1,0.5,0.39,"Americas",0.17,0.69,0.87,0.82,0.75,0.18,5410000,268,0.02,"None",28,0.63
343,"MKD","Macedonia,","Europe & Central Asia","Upper middle income",2070739,57.09,11273.78,9.2,76.66,72.65,0.1,,,-198294923.3,-2.11,194310000,2.09,4.49,3.2,-8853,40.2,27.1,32.02,25710,0.57,0,0.4,0.42,"Europe",0.35,0.66,0.61,0.56,0.48,0.38,139000,8,0,"None",37,0.67
432,"MLI","Mali","Sub-Saharan Africa","Low income",15075085,36,1834.12,79.1,55.87,54.62,1.4,20.29,31.1,-1189940123,-11.14,1091460000,10.64,12.23,3.48,-302449,,,8.07,1240190,0.67,1,0.5,0.52,"Africa",0.13,0.73,0.94,0.9,0.81,0.16,204000,7,0,"Minor Conflict",32,0.37
775,"MMR","Myanmar","East Asia & Pacific","Lower middle income",50155896,28.89,3645.94,49,67.3,63.01,0.8,,,1574156747,3.18,354920000,0.72,4.93,1.82,-474278,,,0.79,676590,0.15,0,0.05,0.11,"Asia",0.12,0.76,0.89,0.91,0.83,0.15,1762000,406,0.01,"Minor Conflict",29,0.7
341,"MNE","Montenegro","Europe & Central Asia","Upper middle income",619428,64.14,13634.9,6.2,77.58,72.94,0.1,,,-852318364.7,-20.59,80070000,1.95,1.03,18.32,-3112,28.9,22.6,19.68,13810,0.52,0,0.43,0.4,"Europe",0.38,0.64,0.63,0.56,0.49,0.36,75000,3,0,"None",45,0.73
712,"MNG","Mongolia","East Asia & Pacific","Lower middle income",2712650,67.57,7552.67,22.2,71.6,63.49,0.1,98.34,98.26,-885472136.5,-12.32,302990000,4.58,38.66,23.53,-15001,33.1,25.7,6.55,1564120,0.71,1,0.57,0.57,"Asia",0.14,0.78,0.95,0.86,0.81,0.17,54000,10,0,"None",37,0.74
541,"MOZ","Mozambique","Sub-Saharan Africa","Low income",24221405,31.83,899.2,70.7,56.59,52.71,13.3,,,-1679440917,-16.54,1943130000,19.8,9.87,12.39,-25000,,,22.17,799380,0.46,0,0.29,0.27,"Africa",0.1,0.76,0.95,0.88,0.84,0.12,,11,0,"None",23,0.49
435,"MRT","Mauritania","Sub-Saharan Africa","Lower middle income",3609543,46.59,3249.88,62.4,63.47,60.51,0.6,,,,,373610000,8.75,48.7,3.01,40000,,,10.18,1030700,0.47,0,0.24,0.2,"Africa",0.14,0.75,0.91,0.92,0.8,0.14,107000,16,0,"Minor Conflict",27,0.72
590,"MUS","Mauritius","Sub-Saharan Africa","Upper middle income",1250400,41.55,15616.02,13.2,76.65,69.46,,,,-1005773529,-10.05,124590000,1.23,0.01,4.3,-12079,,,7.69,2040,0.81,1,0.69,0.64,"Africa",0.09,0.7,0.95,0.88,0.91,0.14,14000,0,0,"None",51,0.74
553,"MWI","Malawi","Sub-Saharan Africa","Low income",15167095,15.54,1012.07,56.2,59.33,55.09,10.9,51.25,61.31,-969283246.3,-13.93,1016850000,14.84,5.77,1.39,-30000,45.5,36.9,6.71,118480,0.44,0,0.34,0.22,"Africa",0.15,0.69,0.95,0.86,0.82,0.14,,5,0,"None",32,0.7
820,"MYS","Malaysia","East Asia & Pacific","Upper middle income",28112289,70.91,20680.3,6.6,76.62,72.06,0.5,,,25643819197,10.06,-6140000,0,8.32,4.27,781650,,,3.25,330800,0.35,0,0.22,0.25,"Asia",0.15,0.76,0.91,0.95,0.81,0.15,3651000,109,0,"None",47,0.82
565,"NAM","Namibia","Sub-Saharan Africa","Upper middle income",2173170,41.62,8289.7,38.2,60.19,56.06,13,,,-539964211.4,-4.79,261330000,2.41,2.9,2.55,-1371,,,22.1,824290,0.63,1,0.5,0.42,"Africa",0.11,0.83,0.93,0.91,0.87,0.15,398000,9,0,"None",53,0.72
436,"NER","Niger","Sub-Saharan Africa","Low income",16425578,16.22,797.73,62.4,57.67,56.06,0.5,,,-1135972346,-19.86,741380000,13.06,9.98,13.92,-28497,,,0.86,1267000,0.29,0,0.29,0.29,"Africa",0.11,0.7,0.92,0.87,0.81,0.11,46000,5,0,"Minor Conflict",34,0.66
475,"NGA","Nigeria","Sub-Saharan Africa","Lower middle income",158578261,43.48,4980.18,81,51.56,50.15,3.2,,,13111231068,3.61,2052360000,0.6,13.49,1.66,-3e+05,,,3.9,923770,0.43,0,0.3,0.25,"Africa",0.13,0.7,0.9,0.88,0.79,0.13,1519000,80,0.01,"Minor Conflict",27,0.44
93,"NIC","Nicaragua","Latin America & Caribbean","Lower middle income",5737723,56.92,3947.22,19.2,76.73,70.61,0.3,,,-780300000,-8.91,660390000,7.76,3.94,5.59,-135000,,,7.83,130370,0.5,0,0.27,0.29,"Americas",0.12,0.76,0.89,0.89,0.83,0.14,44000,12,0,"None",25,0.64
210,"NLD","Netherland","Europe & Central Asia","High income",16615394,87.13,44542.84,3.7,82.7,78.8,0.2,,,61820416313,7.39,,,0.48,13.84,62687,27.8,22.4,4.45,41540,0.88,1,0.84,0.83,"Europe",0.39,0.64,0.6,0.53,0.46,0.39,11208000,47,0,"None",82,0.82
385,"NOR","Norway","Europe & Central Asia","High income",4889252,79.1,58022.03,2.6,83.2,78.9,0.1,,,50258127256,11.71,,,8,5.04,221814,25.7,21,3.52,385178.01,0.91,1,0.88,0.88,"Europe",0.36,0.63,0.63,0.56,0.49,0.35,5929000,24,0,"None",84,0.78
790,"NPL","Nepal","South Asia","Low income",27023137,16.77,1945.81,37.5,69.37,66.52,0.2,,,-127615743,-0.8,814410000,5.05,1.47,0.55,-372369,32.8,26.4,2.12,147180,0.53,0,0.44,0.36,"Asia",0.14,0.73,0.96,0.86,0.87,0.17,240000,96,0,"Minor Conflict",31,0.69
920,"NZL","New Zealan","East Asia & Pacific","High income",4350700,86.16,31265.74,5.1,82.7,78.8,0.1,,,-3429382027,-2.34,,,2.02,0.2,90895,,,6.14,267710,0.88,1,0.82,0.81,"Ocenia",0.36,0.63,0.67,0.61,0.55,0.33,1609000,10,0,"None",87,0.8
698,"OMN","Oman","Middle East & North Africa","High income",3041460,75.16,44418.77,10,78.17,73.87,,81.8,86.94,4634013727,7.9,-21610000,-0.04,37.14,2.12,817500,,,3.98,309500,0.17,0,0.12,0.14,"Mid. East & North Africa",0.12,0.75,0.9,0.95,0.81,0.14,4177000,43,0,"None",52,0.57
770,"PAK","Pakistan","South Asia","Lower middle income",170560182,35,4196.96,72.8,66.09,64.25,0.1,41.02,55.38,-1.35e+09,-0.76,3020700000,1.64,2.17,1.14,-1181920,29.8,25.8,0.65,796100,0.51,0,0.33,0.23,"Asia",0.12,0.7,0.84,0.89,0.88,0.18,5599000,617,0.01,"Civil War",33,0.5
95,"PAN","Panama","Latin America & Caribbean","Upper middle income",3643222,65.14,15312.45,17.2,79.98,73.88,0.8,93.49,94.09,-3112900000,-10.57,127160000,0.48,0.26,8.66,28105,51.7,39.8,6.52,75420,0.75,1,0.61,0.58,"Americas",0.22,0.61,0.77,0.69,0.65,0.22,324000,0,0,"None",37,0.75
135,"PER","Peru","Latin America & Caribbean","Upper middle income",29373646,76.43,9755.15,15.8,76.39,71.05,0.4,,,-3782072550,-2.56,-296310000,-0.22,11.55,5.73,-240000,45.7,34.4,3.48,1285220,0.78,1,0.59,0.49,"Americas",0.15,0.75,0.91,0.82,0.76,0.18,1264000,114,0,"Minor Conflict",35,0.82
840,"PHL","Philippine","East Asia & Pacific","Lower middle income",93726624,45.33,5483.62,24.5,71.79,65.09,0.1,,,7179160967,3.6,541340000,0.23,2.9,0.54,-650000,,,3.61,3e+05,0.58,0,0.45,0.34,"Asia",0.12,0.75,0.94,0.88,0.82,0.15,2024000,120,0.01,"Minor Conflict",36,0.82
910,"PNG","Papua New","East Asia & Pacific","Lower middle income",7108239,13.02,3127.02,50.6,67.11,62.29,0.9,57.9,61.6,-633031917.3,-4.44,512400000,3.91,29.59,0.2,-1001,,,2,462840,0.43,0,0.32,0.24,"Ocenia",0.18,0.72,0.88,0.83,0.75,0.17,43000,3,0,"None",28,0.77
290,"POL","Poland","Europe & Central Asia","High income",38042794,60.89,21068.85,5.2,80.6,72.1,,,,-2.59e+10,-5.4,,,1.59,3.84,-73997,,,9.64,312680,0.89,1,0.83,0.78,"Europe",0.38,0.64,0.59,0.54,0.45,0.37,8273000,100,0.01,"None",60,0.51
731,"PRK","Korea, Dem","East Asia & Pacific","Low income",24591599,60.38,,23.1,72.86,65.96,,,,,,78830000,,,,-27013,,,4.56,120540,0.1,0,0.01,0.09,"Asia",0.11,0.72,0.81,0.87,0.8,0.13,,1106,0.01,"None",14,
235,"PRT","Portugal","Europe & Central Asia","High income",10573100,60.57,27334.81,3.1,82.1,76.1,0.6,,,-24201695545,-10.16,,,0.26,3.55,-140000,35.8,28.2,10.77,92210,0.89,1,0.83,0.79,"Europe",0.38,0.66,0.61,0.56,0.48,0.36,3005000,43,0,"None",64,0.56
150,"PRY","Paraguay","Latin America & Caribbean","Upper middle income",6209877,59.26,9602.26,22,74.45,70.25,0.4,92.93,93.87,49432979.3,0.18,121010000,0.47,2.64,2.04,-86700,51,40.5,4.57,406751.99,0.66,1,0.5,0.33,"Americas",0.12,0.72,0.97,0.86,0.81,0.16,157000,11,0,"None",29,0.61
694,"QAT","Qatar","Middle East & North Africa","High income",1779676,98.5,122609.41,7.8,78.98,76.36,0.1,,,,,,,31.77,3.73,602000,,,0.45,11610,0.09,0,0.1,0.12,"Mid. East & North Africa",0.14,0.73,0.9,0.95,0.84,0.14,3117000,12,0,"None",62,
360,"ROU","Romania","Europe & Central Asia","Upper middle income",20246871,53.83,16966.36,9.7,77.3,69.8,0.1,,,-8478450857,-5.1,,,1.55,1.93,-299997,35.5,25,6.96,238390,0.68,1,0.55,0.55,"Europe",0.36,0.64,0.58,0.53,0.45,0.36,2465000,73,0,"None",47,0.38
365,"RUS","Russian Fe","Europe & Central Asia","Upper middle income",142849449,73.69,20497.93,8.9,74.88,63.09,0.6,99.65,99.68,67452200000,4.42,,,13.94,2.83,1017884,39.5,30.6,7.37,17098250,0.34,0,0.18,0.25,"Europe",0.18,1,0.7,0.76,0.64,0.21,41944000,1027,0.04,"Minor Conflict",28,0.48
517,"RWA","Rwanda","Sub-Saharan Africa","Low income",10246842,16.93,1340.45,44.5,64.87,61.35,3.2,61.55,65.85,-426823050.3,-7.39,1033090000,18.03,6.61,4.34,-79101,47.2,39.8,3,26340,0.24,0,0.18,0.22,"Africa",0.19,0.67,0.92,0.77,0.69,0.23,74000,33,0,"Civil War",56,0.93
670,"SAU","Saudi Arab","Middle East & North Africa","High income",27425676,82.08,44502.42,10.3,75.19,72.29,,,,66750991975,12.64,,,40.93,5.53,1590000,,,5.55,2149690,0.02,0,0.06,0.1,"Mid. East & North Africa",0.11,0.71,0.92,0.92,0.85,0.11,45170000,234,0.01,"None",49,
625,"SDN","Sudan","Sub-Saharan Africa","Lower middle income",34385963,33.09,3298,51.4,64.25,61.03,0.2,,,-1725368702,-2.63,2025850000,3.35,13.85,3.14,-589384,,,12.81,,0.24,0,0.08,0.09,"Africa",0.15,0.78,0.9,0.94,0.79,0.14,1082000,109,0,"Civil War",16,0.46
433,"SEN","Senegal","Sub-Saharan Africa","Low income",12916229,43.77,2669.42,42.7,65.74,62.51,0.6,,,-588902750,-3.63,936400000,5.83,4.15,1.68,-99996,,,10.22,196710,0.7,1,0.54,0.5,"Africa",0.14,0.73,0.92,0.91,0.82,0.15,196000,14,0,"None",45,0.54
830,"SGP","Singapore","East Asia & Pacific","High income",5076732,100,70657.03,2.2,84,79.2,0.2,93.77,95.86,55421003416,23.44,,,0,23.3,337932,,,3.17,712,0.42,0,0.32,0.34,"Asia",0.14,0.7,0.93,0.89,0.84,0.14,8098000,73,0,"None",85,0.94
940,"SLB","Solomon Is","East Asia & Pacific","Lower middle income",527790,20.05,1833.51,21.7,70.04,67.28,,,,-144155577.4,-21.16,340490000,68.57,21.25,24.36,-11868,,,2.07,28900,0.58,0,0.44,0.35,"Ocenia",0.17,0.69,0.94,0.87,0.8,0.19,0,0,0,"None",44,0.9
451,"SLE","Sierra Leo","Sub-Saharan Africa","Low income",6458720,38.86,1175.72,108.4,48.88,47.57,1.6,,,-585297486.3,-22.7,458300000,17.58,10.31,9.25,-21000,,,4.27,72300,0.56,0,0.36,0.32,"Africa",0.21,0.71,0.9,0.88,0.73,0.22,13000,11,0,"None",30,0.84
92,"SLV","El Salvado","Latin America & Caribbean","Lower middle income",6164626,65.45,6173.32,16.6,76.39,67.18,0.6,82.31,84.49,-532815819.1,-2.89,281570000,1.57,0.89,-0.61,-240415,43.5,33.2,4.89,21040,0.63,1,0.45,0.31,"Americas",0.14,0.78,0.91,0.84,0.75,0.16,135000,16,0,"None",35,0.48
520,"SOM","Somalia","Sub-Saharan Africa","Low income",12053223,39.31,,96.9,55.62,52.44,0.2,,,,,505680000,,,,-226869,,,6.01,637660,0.2,0,0.12,0.09,"Africa",0.1,0.75,0.93,0.92,0.78,0.14,,2,0,"Civil War",10,1
345,"SRB","Serbia","Europe & Central Asia","Upper middle income",7291436,54.99,12075.31,6.6,77,71.8,0.1,,,-2691871245,-6.82,661470000,1.72,2.59,4.29,-99999,,,19.22,88360,0.63,1,0.51,0.47,"Europe",0.27,0.8,0.69,0.66,0.58,0.28,844000,29,0,"None",39,0.56
403,"STP","Sao Tome a","Sub-Saharan Africa","Lower middle income",174776,64.95,2588.08,33.5,67.84,63.87,,,,-87575752.58,-44.35,50190000,25.34,3.96,25.63,-5599,30.8,24.2,14.63,960,0.7,1,0.58,0.48,"Africa",0.22,0.68,0.93,0.8,0.68,0.25,,,0,"None",46,0.81
115,"SUR","Suriname","Latin America & Caribbean","Upper middle income",526103,66.34,13923.98,21.9,73.69,67.19,1.2,94,94.68,650800000,14.9,103810000,2.43,24.32,-5.67,-5000,,,7.56,163820,0.79,1,0.69,0.62,"Americas",0.14,0.68,0.92,0.86,0.78,0.14,49000,2,0,"None",43,0.73
317,"SVK","Slovak Rep","Europe & Central Asia","High income",5391428,54.69,24986.61,5.8,78.8,71.6,0.1,,,-4210502090,-4.7,,,0.33,2.37,11346,27.3,21.8,14.38,49037,0.86,1,0.77,0.74,"Europe",0.38,0.66,0.58,0.53,0.45,0.38,1130000,17,0,"None",50,0.6
349,"SVN","Slovenia","Europe & Central Asia","High income",2048583,52.66,27766.42,2.6,82.7,76.3,0.1,,,-54846317.52,-0.11,,,0.28,0.66,16571,24.9,20.7,7.24,20270,0.88,1,0.81,0.8,"Europe",0.38,0.64,0.63,0.56,0.49,0.36,732000,7,0,"None",60,0.53
380,"SWE","Sweden","Europe & Central Asia","High income",9378126,85.06,41627.97,2.5,83.5,79.5,,,,29195824932,5.98,,,1.01,0.13,253958,27.7,21.8,8.58,450300,0.93,1,0.9,0.89,"Europe",0.36,0.66,0.63,0.58,0.51,0.33,5604000,13,0,"None",85,0.87
572,"SWZ","Swaziland","Sub-Saharan Africa","Lower middle income",1202843,22.48,7148.91,60.6,54.13,48.9,27.4,82.45,83.1,-388309494.7,-8.75,91140000,2.16,2.85,3.06,-6000,,,27.79,17360,0.13,0,0.09,0.08,"Africa",0.15,0.74,0.92,0.92,0.82,0.13,,,0,"None",38,
591,"SYC","Seychelles","Sub-Saharan Africa","High income",89770,53.34,19953.16,12.3,77.5,69.1,,94.45,93.95,-214390209.2,-22.1,53930000,5.89,0.15,16.47,-2201,,,,460,0.47,0,0.37,0.37,"Africa",0.31,0.65,0.96,0.88,0.65,0.28,22000,0,0,"None",66,0.88
652,"SYR","Syrian Ara","Middle East & North Africa","Lower middle income",21018834,55.6,,13.8,76.78,68.11,,,,-367388473,,131060000,,,,-4157896,,,8.61,185180,0.16,0,0.07,0.13,"Mid. East & North Africa",0.08,0.71,0.83,0.91,0.82,0.11,2296000,325,0,"None",13,0.58
483,"TCD","Chad","Sub-Saharan Africa","Low income",11887202,21.98,1886.25,85.2,51.2,49.26,1.6,,,,,490160000,4.76,24.5,2.94,1e+05,,,5.75,1284000,0.3,0,0.1,0.11,"Africa",0.25,1,1,1,1,0.25,222000,25,0,"Civil War",19,0.57
461,"TGO","Togo","Sub-Saharan Africa","Low income",6502952,37.53,1201.59,59,58.13,56.78,3,,,-199707675.3,-5.83,403380000,11.86,17.48,3.65,-9994,,,1.86,56790,0.44,0,0.27,0.35,"Africa",0.14,0.7,0.98,0.87,0.83,0.17,56000,9,0,"None",30,0.59
800,"THA","Thailand","East Asia & Pacific","Upper middle income",67208808,43.86,13213.75,11.4,77.56,70.4,1.4,96.43,96.43,11486104955,3.37,-20360000,-0.01,2.29,4.32,167314,39.4,30.7,0.62,513120,0.43,0,0.34,0.27,"Asia",0.12,0.73,0.93,0.88,0.82,0.14,4821000,306,0.01,"Minor Conflict",36,0.47
702,"TJK","Tajikistan","Europe & Central Asia","Lower middle income",7641630,26.52,2063.72,36.9,72.79,66.96,0.2,,,-540287508.9,-9.58,433130000,6.21,1.32,1.41,-99999,,,11.72,142550,0.24,0,0.08,0.14,"Asia",0.15,0.81,0.87,0.9,0.77,0.18,60000,9,0,"Minor Conflict",25,0.82
701,"TKM","Turkmenist","Europe & Central Asia","Upper middle income",5087210,48.49,9741.31,49.8,70.22,63.16,,,,,,43800000,0.21,20.68,16.08,-50002,,,4,488100,0.15,0,0.03,0.13,"Asia",0.12,0.75,0.93,0.89,0.8,0.15,198000,22,0,"None",20,0.92
860,"TLS","Timor-Lest","East Asia & Pacific","Lower middle income",1109591,27.73,8681.32,52,68.79,65.88,,52.96,58.31,1671379454,41.8,291460000,8.73,,0.76,-50004,,,3.3,14870,0.65,1,0.5,0.41,"Asia",0.17,0.75,0.94,0.86,0.78,0.21,1000,1,0,"None",35,0.81
52,"TTO","Trinidad a","Latin America & Caribbean","High income",1328100,54.02,30628.54,27.6,73.38,66.37,1.2,,,4172327322,18.83,4330000,0.02,12.15,2.48,-4999,,,5.93,5130,0.78,1,0.66,0.67,"Americas",0.14,0.7,0.96,0.89,0.87,0.14,170000,4,0,"None",41,0.67
616,"TUN","Tunisia","Middle East & North Africa","Lower middle income",10639931,66.66,10225.25,14.9,77.07,72.66,0.1,71.09,79.13,-2104443202,-4.78,550150000,1.31,5.9,3.03,-65963,35.8,27,13.05,163610,0.2,0,0.11,0.19,"Mid. East & North Africa",0.15,0.76,0.94,0.95,0.81,0.16,535000,36,0,"None",43,0.68
640,"TUR","Turkey","Europe & Central Asia","Upper middle income",72326914,70.83,17442.86,16.4,77.58,70.78,,88.07,92.66,-4.46e+10,-5.78,1049590000,0.14,0.54,1.18,1627172,38.8,29.3,10.66,785350,0.62,1,0.44,0.42,"Mid. East & North Africa",0.31,0.72,0.69,0.69,0.55,0.36,17445000,511,0.02,"Minor Conflict",41,0.86
510,"TZA","Tanzania","Sub-Saharan Africa","Low income",46098591,28.11,2048.29,48.1,62.55,59.24,5.4,60.75,67.8,-2210780020,-7.04,2960310000,9.52,7.48,5.77,-199999,,,2.97,947300,0.51,0,0.42,0.35,"Africa",0.15,0.69,0.95,0.88,0.8,0.17,513000,27,0,"None",36,0.63
500,"UGA","Uganda","Sub-Saharan Africa","Low income",33915133,19.38,1485.2,51,58.9,55.34,6.7,64.59,73.21,-1609007285,-7.97,1690140000,8.51,10.71,2.69,-150000,,,4.01,241550,0.35,0,0.28,0.24,"Africa",0.08,0.82,0.9,0.95,0.95,0.08,211000,45,0,"Minor Conflict",26,0.68
369,"UKR","Ukraine","Europe & Central Asia","Lower middle income",45870700,68.6,7666.22,10.1,75.5,65.28,0.9,,,-3.02e+09,-2.22,656650000,0.49,8.54,4.74,-2e+05,24.8,21,8.1,603550,0.55,0,0.35,0.29,"Europe",0.35,0.67,0.64,0.58,0.5,0.34,908000,130,0.01,"None",32,0.52
165,"URY","Uruguay","Latin America & Caribbean","High income",3374415,94.41,16736.85,9.2,80.09,72.88,0.5,98.49,98.07,-730841067.9,-1.81,47520000,0.12,2.03,5.44,-30000,44.5,33.7,7.16,176220,0.93,1,0.87,0.81,"Americas",0.16,0.72,0.92,0.83,0.77,0.17,423000,25,0,"None",70,0.9
2,"USA","United Sta","North America","High income",309338421,80.77,48375.41,6.2,81,76.2,,,,-4.31e+11,-2.88,,,0.98,1.76,4500000,40.4,29.4,9.63,9831510,0.92,1,0.88,0.74,"Americas",1,0.18,0.12,0.12,0.11,0.83,693600000,1580,0.15,"None",71,0.65
704,"UZB","Uzbekistan","Europe & Central Asia","Lower middle income",28562400,50.96,4153.94,31.6,72.91,67.17,0.2,,,,,234440000,0.58,16.71,4.16,-66469,,,8.19,447400,0.17,0,0.04,0.13,"Asia",0.11,0.8,0.87,0.87,0.8,0.13,1422000,67,0,"None",23,0.89
101,"VEN","Venezuela,","Latin America & Caribbean","Upper middle income",29028033,88.08,16210.29,14.3,77.93,69.62,,,,5.59e+09,1.42,53340000,0.01,10.23,0.4,-69121,,,8.45,912050,0.48,0,0.18,0.34,"Americas",0.08,0.74,0.89,0.91,0.79,0.09,2043000,115,0,"None",18,0.74
935,"VUT","Vanuatu","East Asia & Pacific","Lower middle income",236295,24.46,2888.4,24.4,72.88,68.83,,,,-42177782.35,-6.02,107860000,15.96,0.8,9.01,604,37.6,29.4,5.4,12190,0.58,0,0.48,0.44,"Ocenia",0.24,0.64,0.9,0.78,0.67,0.24,0,0,0,"None",46,0.56
347,"XKX","Kosovo","Europe & Central Asia","Lower middle income",1775680,,7751.68,,72,67.9,,,,-677586626.3,-11.62,527520000,8.91,4.12,8.41,,33.3,25.7,,10887,0.48,0,0.36,0.35,"Europe",,,,,,,0,0,0,"None",,
679,"YEM","Yemen, Rep","Middle East & North Africa","Lower middle income",23606779,31.78,4388.14,43.9,64.89,62.17,,,,-1054136270,-3.41,667080000,2.29,21.3,0.61,-75010,,,17.82,527970,0.32,0,0.17,0.13,"Mid. East & North Africa",,,,,,,1826000,67,0,"None",14,0.75
560,"ZAF","South Afri","Sub-Saharan Africa","Upper middle income",51584663,62.22,11647.33,38.4,58.87,53.01,18.1,91.71,92.88,-5492240011,-1.46,1036270000,0.28,7.67,0.98,806500,63.4,51.3,24.69,1219090,0.79,1,0.68,0.56,"Africa",0.12,0.74,0.95,0.89,0.83,0.17,4182000,62,0.01,"None",43,0.73
551,"ZMB","Zambia","Sub-Saharan Africa","Lower middle income",13850033,39.35,3212.94,53.4,58.52,54.62,12.3,77.75,83.01,1525082952,7.53,919320000,4.86,21.39,8.53,-34490,55.6,45.2,13.19,752610,0.52,0,0.41,0.36,"Africa",0.15,0.71,0.92,0.89,0.82,0.17,251000,15,0,"None",35,0.56
552,"ZWE","Zimbabwe","Sub-Saharan Africa","Low income",14086317,33.2,1702.8,55.1,54.12,51.69,15,,,-1443703079,-11.99,712530000,6.71,9.17,1.02,-249999,,,5.27,390760,0.28,0,0.18,0.14,"Africa",0.13,0.77,0.89,0.94,0.78,0.11,98000,29,0,"None",22,0.83
